<?xml version="1.0" encoding="UTF-8" ?>
<XMLDB PATH="enrol/pagseguro/db" VERSION="20120122" COMMENT="XMLDB file for Moodle enrol/pagseguro"
    xmlns:xsi="http://www.w3.org/2001/XMLSchema-instance"
    xsi:noNamespaceSchemaLocation="../../../lib/xmldb/xmldb.xsd"
>
  <TABLES>
    <TABLE NAME="enrol_pagseguro" COMMENT="Holds all known information about pagseguro transactions">
      <FIELDS>
        <FIELD NAME="id" TYPE="int" LENGTH="10" NOTNULL="true" SEQUENCE="true" NEXT="business"/>
        <FIELD NAME="business" TYPE="char" LENGTH="255" NOTNULL="true" SEQUENCE="false" PREVIOUS="id" NEXT="receiver_email"/>
        <FIELD NAME="receiver_email" TYPE="char" LENGTH="255" NOTNULL="true" SEQUENCE="false" PREVIOUS="business" NEXT="courseid"/>
        <FIELD NAME="courseid" TYPE="int" LENGTH="10" NOTNULL="true" DEFAULT="0" SEQUENCE="false" PREVIOUS="receiver_email" NEXT="userid"/>
        <FIELD NAME="userid" TYPE="int" LENGTH="10" NOTNULL="true" DEFAULT="0" SEQUENCE="false" PREVIOUS="courseid" NEXT="instanceid"/>
        <FIELD NAME="instanceid" TYPE="int" LENGTH="10" NOTNULL="true" DEFAULT="0" SEQUENCE="false" PREVIOUS="userid" NEXT="date"/>
        <FIELD NAME="date" TYPE="char" LENGTH="255" NOTNULL="true" SEQUENCE="false" PREVIOUS="instanceid" NEXT="code"/>
        <FIELD NAME="code" TYPE="char" LENGTH="255" NOTNULL="true" SEQUENCE="false" PREVIOUS="date" NEXT="reference"/>
        <FIELD NAME="reference" TYPE="char" LENGTH="255" NOTNULL="true" SEQUENCE="false" PREVIOUS="code" NEXT="type"/>
        <FIELD NAME="type" TYPE="char" LENGTH="255" NOTNULL="true" SEQUENCE="false" PREVIOUS="reference" NEXT="status"/>
        <FIELD NAME="status" TYPE="char" LENGTH="255" NOTNULL="true" SEQUENCE="false" PREVIOUS="type" NEXT="paymentmethod_type"/>
        <FIELD NAME="paymentmethod_type" TYPE="char" LENGTH="255" NOTNULL="true" SEQUENCE="false" PREVIOUS="status" NEXT="paymentmethod_code"/>
        <FIELD NAME="paymentmethod_code" TYPE="char" LENGTH="255" NOTNULL="true" SEQUENCE="false" PREVIOUS="paymentmethod_type" NEXT="grossamount"/>
        <FIELD NAME="grossamount" TYPE="char" LENGTH="255" NOTNULL="true" SEQUENCE="false" PREVIOUS="paymentmethod_code" NEXT="timeupdated"/>
        <FIELD NAME="timeupdated" TYPE="int" LENGTH="10" NOTNULL="true" DEFAULT="0" SEQUENCE="false" PREVIOUS="grossamount" NEXT="payment_status"/>
        <FIELD NAME="payment_status" TYPE="char" LENGTH="20" NOTNULL="true" SEQUENCE="false" PREVIOUS="timeupdated" NEXT="xmlstring"/>
        <FIELD NAME="xmlstring" TYPE="text" LENGTH="small" NOTNULL="false" SEQUENCE="false" COMMENT="Notification XML" PREVIOUS="payment_status" /> 
      </FIELDS>
      <KEYS>
        <KEY NAME="primary" TYPE="primary" FIELDS="id"/>
      </KEYS>
    </TABLE>
  </TABLES>
</XMLDB>